Date,Time,TimeSixty,Wind.Speed,Wind.Gust,Precipitation,Solar.Radiation,Air.Temperature,Vapor.Pressure,Saturation.Vapor.Pressure,RelativeHumidity,DateTimeSixty,Count60
1/9/2017,15:30:00,16:30:00,4.5,7.7,0,0.257,-1,3.6,5.7,63.15789474,2017-01-09_16:30:00,7
1/9/2017,16:30:00,17:30:00,4.7,8.5,0,0.151,-0.8,3.6,5.8,62.06896552,2017-01-09_17:30:00,3
1/9/2017,17:30:00,18:30:00,2.9,4.8,0,0.032,-0.6,3.8,5.8,65.51724138,2017-01-09_18:30:00,10
1/9/2017,18:30:00,19:30:00,3,4.8,0,0,-0.8,3.9,5.8,67.24137931,2017-01-09_19:30:00,2
1/10/2017,15:30:00,16:30:00,8.9,14.4,0.15,0.014,8.5,10.3,11.1,92.79279279,2017-01-10_16:30:00,9
1/10/2017,16:30:00,17:30:00,10.3,20.5,0.44,0.014,9.9,11.1,12.2,90.98360656,2017-01-10_17:30:00,27
1/10/2017,17:30:00,18:30:00,10,19.5,0.44,0.023,11.7,11.6,13.8,84.05797101,2017-01-10_18:30:00,17
1/10/2017,18:30:00,19:30:00,11,19.5,2.8,0,10.3,10.7,12.6,84.92063492,2017-01-10_19:30:00,12
1/11/2017,15:30:00,16:30:00,5,8.8,0,0.054,8.7,10.8,11.2,96.42857143,2017-01-11_16:30:00,20
1/11/2017,16:30:00,17:30:00,4,7.5,0.15,0.032,8.9,11,11.4,96.49122807,2017-01-11_17:30:00,3
1/11/2017,17:30:00,18:30:00,4.1,7.5,0.15,0.009,10.8,12.6,13,96.92307692,2017-01-11_18:30:00,13
1/12/2017,15:30:00,16:30:00,5,7.2,0,0.119,0.1,5.7,6.1,93.44262295,2017-01-12_16:30:00,35
1/12/2017,16:30:00,17:30:00,5.4,8,0,0.056,-0.7,5.4,5.8,93.10344828,2017-01-12_17:30:00,43
1/12/2017,17:30:00,18:30:00,6.4,8.8,0,0.011,-1.2,5,5.6,89.28571429,2017-01-12_18:30:00,55
1/12/2017,18:30:00,19:30:00,6.2,8,0,0,-1.9,4.8,5.3,90.56603774,2017-01-12_19:30:00,16
1/17/2017,15:30:00,16:30:00,4.9,8.5,0,0.047,5.4,8.5,9,94.44444444,2017-01-17_16:30:00,38
1/17/2017,16:30:00,17:30:00,4.5,8.8,0,0.038,5.2,8.2,8.8,93.18181818,2017-01-17_17:30:00,38
1/17/2017,17:30:00,18:30:00,4.3,7.5,0,0.013,4.4,7.8,8.3,93.97590361,2017-01-17_18:30:00,82
1/17/2017,18:30:00,19:30:00,5.1,7.5,0,0,3.5,7.4,7.8,94.87179487,2017-01-17_19:30:00,37
1/18/2017,15:30:00,16:30:00,3.5,5.6,0,0.131,2.7,6.7,7.4,90.54054054,2017-01-18_16:30:00,69
1/18/2017,16:30:00,17:30:00,3.8,6.1,0,0.099,2.8,6.6,7.5,88,2017-01-18_17:30:00,13
1/18/2017,17:30:00,18:30:00,3.2,5.9,0,0.013,2.8,6.6,7.5,88,2017-01-18_18:30:00,29
1/19/2017,15:30:00,16:30:00,2.4,3.7,0,0.068,6.6,7.8,9.7,80.41237113,2017-01-19_16:30:00,79
1/19/2017,16:30:00,17:30:00,3.2,5.1,0.15,0.047,5.5,8.1,9,90,2017-01-19_17:30:00,64
1/19/2017,17:30:00,18:30:00,3.2,5.3,0,0.007,5.1,8,8.8,90.90909091,2017-01-19_18:30:00,71
1/19/2017,18:30:00,19:30:00,2.7,3.7,0.59,0,4.8,8,8.6,93.02325581,2017-01-19_19:30:00,31
1/22/2017,15:30:00,16:30:00,3.9,5.6,0,0.452,11.2,11.8,13.3,88.72180451,2017-01-22_16:30:00,1
1/22/2017,16:30:00,17:30:00,4.3,6.1,0,0.191,11.1,11.7,13.2,88.63636364,2017-01-22_17:30:00,2
1/22/2017,17:30:00,18:30:00,5.1,7.2,0,0.07,9.4,10.8,11.8,91.52542373,2017-01-22_18:30:00,1
1/23/2017,15:30:00,16:30:00,5.4,7.5,0,0.088,4.7,7.5,8.6,87.20930233,2017-01-23_16:30:00,113
1/23/2017,16:30:00,17:30:00,5.8,8.5,0,0.052,4.8,7.5,8.6,87.20930233,2017-01-23_17:30:00,22
1/23/2017,17:30:00,18:30:00,5.5,7.7,0,0.018,4.3,7.3,8.3,87.95180723,2017-01-23_18:30:00,57
1/23/2017,18:30:00,19:30:00,4.9,7.7,0,0,3.7,7.3,8,91.25,2017-01-23_19:30:00,6
1/24/2017,15:30:00,16:30:00,1.3,2.1,0,0.101,3.8,6.4,8,80,2017-01-24_16:30:00,35
1/24/2017,16:30:00,17:30:00,1.5,2.1,0,0.07,3.8,6.4,8,80,2017-01-24_17:30:00,51
1/24/2017,17:30:00,18:30:00,0.8,2.1,0,0.023,3.7,6.5,8,81.25,2017-01-24_18:30:00,101
1/24/2017,18:30:00,19:30:00,1.1,2.1,0,0,3.6,6.5,7.9,82.27848101,2017-01-24_19:30:00,75
1/25/2017,15:30:00,16:30:00,7,11.2,0,0.052,5.9,7.2,9.3,77.41935484,2017-01-25_16:30:00,51
1/25/2017,16:30:00,17:30:00,6.6,11.2,0,0.155,5.6,6.8,9.1,74.72527473,2017-01-25_17:30:00,18
1/25/2017,17:30:00,18:30:00,5.6,9.3,0,0.018,5.4,6.9,9,76.66666667,2017-01-25_18:30:00,34
1/26/2017,15:30:00,16:30:00,5.4,8.8,0,0.119,-0.1,4.7,6.1,77.04918033,2017-01-26_16:30:00,96
1/26/2017,16:30:00,17:30:00,5.1,9.1,0,0.067,0.1,4.7,6.2,75.80645161,2017-01-26_17:30:00,51
1/26/2017,17:30:00,18:30:00,4.5,8,0,0.027,0,5.1,6.1,83.60655738,2017-01-26_18:30:00,134
1/26/2017,18:30:00,19:30:00,4.8,7.5,0,0,-0.5,5.4,5.9,91.52542373,2017-01-26_19:30:00,47
1/29/2017,15:30:00,16:30:00,3.4,5.3,0,0.169,-3.2,4.4,4.8,91.66666667,2017-01-29_16:30:00,3
1/29/2017,16:30:00,17:30:00,5,7.5,0,0.099,-3.3,4.3,4.8,89.58333333,2017-01-29_17:30:00,2
1/29/2017,17:30:00,18:30:00,4.6,7.2,0,0.031,-3.3,4,4.8,83.33333333,2017-01-29_18:30:00,2
1/30/2017,15:30:00,16:30:00,4.7,7.5,0,0.254,-1,3.4,5.7,59.64912281,2017-01-30_16:30:00,136
1/30/2017,16:30:00,17:30:00,3.2,5.9,0,0.209,-0.4,3.6,5.9,61.01694915,2017-01-30_17:30:00,29
1/30/2017,17:30:00,18:30:00,3.8,6.9,0,0.067,-0.5,3.7,5.9,62.71186441,2017-01-30_18:30:00,42
1/30/2017,18:30:00,19:30:00,3.5,6.7,0,0.002,-0.4,3.7,5.9,62.71186441,2017-01-30_19:30:00,19
1/31/2017,15:30:00,16:30:00,6,10.1,0,0.229,4.7,5.9,8.5,69.41176471,2017-01-31_16:30:00,55
1/31/2017,16:30:00,17:30:00,5,8.8,0,0.153,4.6,5.9,8.5,69.41176471,2017-01-31_17:30:00,58
1/31/2017,17:30:00,18:30:00,4.2,7.5,0,0.067,4.1,5.8,8.2,70.73170732,2017-01-31_18:30:00,60
1/31/2017,18:30:00,19:30:00,2.9,4.8,0,0.002,3.2,5.8,7.7,75.32467532,2017-01-31_19:30:00,50
2/1/2017,15:30:00,16:30:00,5,7.2,0,0.31,3.4,5.4,7.8,69.23076923,2017-02-01_16:30:00,67
2/1/2017,16:30:00,17:30:00,5,6.9,0,0.284,3.4,5.1,7.8,65.38461538,2017-02-01_17:30:00,32
2/1/2017,17:30:00,18:30:00,4.3,6.7,0,0.097,2.6,4.9,7.4,66.21621622,2017-02-01_18:30:00,41
2/2/2017,15:30:00,16:30:00,4.8,7.5,0,0.502,-2.7,2.5,5,50,2017-02-02_16:30:00,70
2/2/2017,16:30:00,17:30:00,4.7,7.7,0,0.536,-2,2.7,5.3,50.94339623,2017-02-02_17:30:00,73
2/2/2017,17:30:00,18:30:00,4.9,7.2,0,0.086,-3.6,2.9,4.7,61.70212766,2017-02-02_18:30:00,73
2/2/2017,18:30:00,19:30:00,4.4,6.1,0,0.002,-4.1,2.8,4.5,62.22222222,2017-02-02_19:30:00,23
2/5/2017,17:30:00,18:30:00,3.3,4.5,0,0.191,5.9,5.1,9.3,54.83870968,2017-02-05_18:30:00,2
2/6/2017,15:30:00,16:30:00,3.4,5.9,0,0.11,8,9.2,10.7,85.98130841,2017-02-06_16:30:00,61
2/6/2017,16:30:00,17:30:00,3.1,5.9,0,0.067,7.6,9.4,10.4,90.38461538,2017-02-06_17:30:00,23
2/6/2017,17:30:00,18:30:00,3.5,6.1,0,0.031,7.5,9.5,10.4,91.34615385,2017-02-06_18:30:00,77
2/6/2017,18:30:00,19:30:00,3.2,5.6,0,0.002,7.4,9.8,10.3,95.14563107,2017-02-06_19:30:00,4
2/7/2017,15:30:00,16:30:00,7.3,12,0.15,0.247,15.2,13.3,17.2,77.3255814,2017-02-07_16:30:00,43
2/7/2017,16:30:00,17:30:00,6.5,10.9,0,0.086,12.7,12.1,14.7,82.31292517,2017-02-07_17:30:00,127
2/7/2017,17:30:00,18:30:00,6.9,10.7,0,0.022,10.6,11,12.8,85.9375,2017-02-07_18:30:00,84
2/7/2017,18:30:00,19:30:00,6.5,10.7,0,0.002,9.2,10.3,11.6,88.79310345,2017-02-07_19:30:00,29
2/8/2017,15:30:00,16:30:00,5.4,7.2,0,0.151,-1.1,5.5,5.7,96.49122807,2017-02-08_16:30:00,69
2/8/2017,16:30:00,17:30:00,5.2,7.2,0,0.11,-1.3,5.4,5.6,96.42857143,2017-02-08_17:30:00,11
2/8/2017,17:30:00,18:30:00,5.3,7.5,0,0.077,-2,5.1,5.3,96.22641509,2017-02-08_18:30:00,34
2/9/2017,15:30:00,16:30:00,5.9,8,0,0.801,-7.8,2.2,3.4,64.70588235,2017-02-09_16:30:00,67
2/9/2017,16:30:00,17:30:00,4.8,6.7,0,0.545,-7.4,2.2,3.5,62.85714286,2017-02-09_17:30:00,121
2/9/2017,17:30:00,18:30:00,3.8,5.6,0,0.252,-7.9,2.1,3.4,61.76470588,2017-02-09_18:30:00,90
2/9/2017,18:30:00,19:30:00,2.5,5.1,0,0.013,-10.1,1.9,2.8,67.85714286,2017-02-09_19:30:00,22
2/12/2017,15:30:00,16:30:00,11.1,17.3,0,0.749,8.7,5.7,11.2,50.89285714,2017-02-12_16:30:00,7
2/12/2017,16:30:00,17:30:00,11.2,16.3,0,0.551,8.3,4.7,10.9,43.11926606,2017-02-12_17:30:00,1
2/12/2017,17:30:00,18:30:00,8.9,15.2,0,0.268,7.4,4.6,10.3,44.66019417,2017-02-12_18:30:00,3
2/13/2017,15:30:00,16:30:00,4,6.1,0,0.626,7.1,4.4,10.1,43.56435644,2017-02-13_16:30:00,92
2/13/2017,16:30:00,17:30:00,3.6,5.9,0,0.482,7.4,4.3,10.3,41.74757282,2017-02-13_17:30:00,22
2/13/2017,17:30:00,18:30:00,4.4,7.5,0,0.315,6.9,4.1,9.9,41.41414141,2017-02-13_18:30:00,70
2/13/2017,18:30:00,19:30:00,2.6,3.7,0,0.013,4.4,4.5,8.4,53.57142857,2017-02-13_19:30:00,11
2/14/2017,15:30:00,16:30:00,5.7,10.1,0,0.713,10.6,6.2,12.8,48.4375,2017-02-14_16:30:00,50
2/14/2017,16:30:00,17:30:00,5.6,9.1,0,0.452,10.4,5.8,12.6,46.03174603,2017-02-14_17:30:00,32
2/14/2017,17:30:00,18:30:00,4.9,8.8,0,0.176,9.5,5.9,11.8,50,2017-02-14_18:30:00,98
2/14/2017,18:30:00,19:30:00,3.2,5.6,0,0.013,7.4,6.1,10.3,59.22330097,2017-02-14_19:30:00,30
2/15/2017,15:30:00,16:30:00,7,10.4,0,0.619,3,3.8,7.6,50,2017-02-15_16:30:00,62
2/15/2017,16:30:00,17:30:00,6.6,9.3,0,0.459,3.6,3.9,7.9,49.36708861,2017-02-15_17:30:00,25
2/15/2017,17:30:00,18:30:00,6.9,9.9,0,0.23,3,3.7,7.6,48.68421053,2017-02-15_18:30:00,53
2/16/2017,15:30:00,16:30:00,4.1,6.7,0,0.641,7.6,3.6,10.4,34.61538462,2017-02-16_16:30:00,56
2/16/2017,16:30:00,17:30:00,4.1,7.5,0,0.583,8.6,3.6,11.2,32.14285714,2017-02-16_17:30:00,90
2/16/2017,17:30:00,18:30:00,3.7,6.9,0,0.16,7.3,3.6,10.2,35.29411765,2017-02-16_18:30:00,111
2/16/2017,18:30:00,19:30:00,3,5.3,0,0.022,6.6,3.9,9.7,40.20618557,2017-02-16_19:30:00,32
2/19/2017,15:30:00,16:30:00,1,3.5,0.15,0.796,20.4,11,24,45.83333333,2017-02-19_16:30:00,5
2/19/2017,16:30:00,17:30:00,1.9,3.5,0.15,0.511,19.4,10,22.5,44.44444444,2017-02-19_17:30:00,1
2/19/2017,17:30:00,18:30:00,0.7,2.4,0.15,0.243,20.3,10,23.8,42.01680672,2017-02-19_18:30:00,7
2/20/2017,15:30:00,16:30:00,4.3,6.7,0,0.824,20.9,9.7,24.7,39.27125506,2017-02-20_16:30:00,86
2/20/2017,16:30:00,17:30:00,4.2,7.5,0,0.499,20.4,9.8,24,40.83333333,2017-02-20_17:30:00,9
2/20/2017,17:30:00,18:30:00,3.8,6.4,0,0.281,19.9,10.2,23.3,43.77682403,2017-02-20_18:30:00,82
2/20/2017,18:30:00,19:30:00,2.6,4.3,0,0.022,17,10.5,19.4,54.12371134,2017-02-20_19:30:00,21
2/21/2017,15:30:00,16:30:00,1.2,2.1,0,0.194,16.1,12.6,18.2,69.23076923,2017-02-21_16:30:00,41
2/21/2017,16:30:00,17:30:00,0.4,1.1,0,0.207,17.1,12.7,19.5,65.12820513,2017-02-21_17:30:00,60
2/21/2017,17:30:00,18:30:00,1.7,2.9,0,0.088,16.3,12.7,18.5,68.64864865,2017-02-21_18:30:00,104
2/21/2017,18:30:00,19:30:00,0.2,1.1,0,0.014,15.1,12.7,17.2,73.8372093,2017-02-21_19:30:00,43
2/22/2017,15:30:00,16:30:00,4.7,7.7,0,0.727,19.4,14.8,22.5,65.77777778,2017-02-22_16:30:00,57
2/22/2017,16:30:00,17:30:00,5.9,9.1,0,0.259,17.4,14,19.8,70.70707071,2017-02-22_17:30:00,15
2/22/2017,17:30:00,18:30:00,3.5,6.1,0,0.288,18.5,14.2,21.2,66.98113208,2017-02-22_18:30:00,38
2/23/2017,15:30:00,16:30:00,2.3,3.7,0,0.184,16.2,13,18.4,70.65217391,2017-02-23_16:30:00,61
2/23/2017,16:30:00,17:30:00,4.2,6.1,0,0.137,14.9,11.9,16.9,70.41420118,2017-02-23_17:30:00,86
2/23/2017,17:30:00,18:30:00,3,4.3,0,0.077,14.3,11.8,16.3,72.39263804,2017-02-23_18:30:00,105
2/23/2017,18:30:00,19:30:00,4,5.9,0,0.018,13,11.3,15,75.33333333,2017-02-23_19:30:00,31
2/26/2017,15:30:00,16:30:00,7.7,13.9,0,0.907,8.4,3.2,11,29.09090909,2017-02-26_16:30:00,11
2/26/2017,16:30:00,17:30:00,7.6,12.3,0,0.644,8.4,3.3,11,30,2017-02-26_17:30:00,2
2/26/2017,17:30:00,18:30:00,6.8,11.5,0,0.272,7.2,3.4,10.2,33.33333333,2017-02-26_18:30:00,2
2/27/2017,15:30:00,16:30:00,3.2,7.2,0,0.673,13.1,7.1,15.1,47.01986755,2017-02-27_16:30:00,116
2/27/2017,16:30:00,17:30:00,2.7,5.3,0,0.405,13,7.2,15,48,2017-02-27_17:30:00,27
2/27/2017,17:30:00,18:30:00,3.9,6.1,0,0.238,12.6,7.7,14.6,52.73972603,2017-02-27_18:30:00,73
2/27/2017,18:30:00,19:30:00,2.7,4.5,0,0.038,11.1,7.7,13.3,57.89473684,2017-02-27_19:30:00,27
2/28/2017,15:30:00,16:30:00,4.5,7.7,0.15,0.119,13.6,14.5,15.5,93.5483871,2017-02-28_16:30:00,45
2/28/2017,16:30:00,17:30:00,5.1,10.7,0,0.115,14.6,15.2,16.6,91.56626506,2017-02-28_17:30:00,58
2/28/2017,17:30:00,18:30:00,5.4,8.5,0,0.027,15.2,15.5,17.2,90.11627907,2017-02-28_18:30:00,97
2/28/2017,18:30:00,19:30:00,4.3,7.7,0.15,0.009,15.5,16.1,17.7,90.96045198,2017-02-28_19:30:00,45
3/1/2017,15:30:00,16:30:00,8.8,15.5,0,0.245,5.7,7,9.2,76.08695652,2017-03-01_16:30:00,53
3/1/2017,16:30:00,17:30:00,9.4,13.9,0,0.083,4.5,6.7,8.4,79.76190476,2017-03-01_17:30:00,20
3/1/2017,17:30:00,18:30:00,10,18.9,0,0.045,4,6.3,8.1,77.77777778,2017-03-01_18:30:00,51
3/2/2017,15:30:00,16:30:00,6.1,9.9,0,0.668,2.8,4.3,7.5,57.33333333,2017-03-02_16:30:00,76
3/2/2017,16:30:00,17:30:00,6.9,9.9,0,0.371,1.8,3.9,7,55.71428571,2017-03-02_17:30:00,111
3/2/2017,17:30:00,18:30:00,6.7,9.6,0,0.529,2.6,4,7.4,54.05405405,2017-03-02_18:30:00,160
3/2/2017,18:30:00,19:30:00,5.8,9.1,0,0.067,0.6,3.6,6.4,56.25,2017-03-02_19:30:00,57
3/5/2017,15:30:00,16:30:00,7.7,13.6,0.15,0.747,17.7,5.9,20.3,29.06403941,2017-03-05_16:30:00,2
3/5/2017,17:30:00,18:30:00,7.2,11.5,0,0.094,16.5,7.4,18.8,39.36170213,2017-03-05_18:30:00,6
3/6/2017,15:30:00,16:30:00,4.7,8.3,0,0.079,12.9,13.3,14.9,89.26174497,2017-03-06_16:30:00,103
3/6/2017,16:30:00,17:30:00,6.3,11.7,0,0.058,13.5,13.6,15.5,87.74193548,2017-03-06_17:30:00,24
3/6/2017,17:30:00,18:30:00,6.3,10.7,0,0.034,13.7,13.8,15.7,87.89808917,2017-03-06_18:30:00,44
3/6/2017,18:30:00,19:30:00,6.9,12.3,0,0.007,14,14.2,16,88.75,2017-03-06_19:30:00,12
3/7/2017,15:30:00,16:30:00,7.4,11.5,0.15,0.967,11.2,6.6,13.3,49.62406015,2017-03-07_16:30:00,33
3/7/2017,16:30:00,17:30:00,6.5,10.7,0.15,0.661,11.2,6.2,13.3,46.61654135,2017-03-07_17:30:00,68
3/7/2017,17:30:00,18:30:00,5.9,9.6,0,0.419,11.2,5.6,13.3,42.10526316,2017-03-07_18:30:00,47
3/7/2017,18:30:00,19:30:00,4.9,8,0,0.101,10,5.3,12.3,43.08943089,2017-03-07_19:30:00,21
3/8/2017,15:30:00,16:30:00,10.8,17.3,0.15,0.994,13.4,4.1,15.4,26.62337662,2017-03-08_16:30:00,27
3/8/2017,16:30:00,17:30:00,9.5,17.1,0,0.731,13.5,4,15.5,25.80645161,2017-03-08_17:30:00,11
3/8/2017,17:30:00,18:30:00,8.7,13.1,0,0.416,13.2,3.9,15.2,25.65789474,2017-03-08_18:30:00,35
3/9/2017,15:30:00,16:30:00,3.6,6.1,0,0.653,12,4,14,28.57142857,2017-03-09_16:30:00,42
3/9/2017,16:30:00,17:30:00,4,6.1,0,0.349,11.6,3.8,13.6,27.94117647,2017-03-09_17:30:00,41
3/9/2017,17:30:00,18:30:00,4.3,6.7,0,0.144,10.7,4.2,12.8,32.8125,2017-03-09_18:30:00,47
3/9/2017,18:30:00,19:30:00,5.8,8.3,0,0.027,7.9,5.1,10.6,48.11320755,2017-03-09_19:30:00,7
3/20/2017,15:30:00,16:30:00,1.6,2.4,0.3,0.331,10.3,11.2,12.6,88.88888889,2017-03-20_16:30:00,61
3/20/2017,16:30:00,17:30:00,1.9,3.2,0.15,0.131,10,11,12.3,89.43089431,2017-03-20_17:30:00,22
3/20/2017,17:30:00,18:30:00,1.8,2.7,0,0.052,9.8,11,12.1,90.90909091,2017-03-20_18:30:00,71
3/20/2017,18:30:00,19:30:00,3.2,4.5,0,0.014,9.2,10.8,11.6,93.10344828,2017-03-20_19:30:00,10
3/21/2017,15:30:00,16:30:00,5,8.5,0,0.245,10.9,5.9,13,45.38461538,2017-03-21_16:30:00,48
3/21/2017,16:30:00,17:30:00,2.2,3.2,0,0.241,8.9,6.6,11.4,57.89473684,2017-03-21_17:30:00,67
3/21/2017,17:30:00,18:30:00,4.5,7.5,0,0.194,9,7.4,11.5,64.34782609,2017-03-21_18:30:00,99
3/21/2017,18:30:00,19:30:00,4.6,6.4,0,0.059,7.2,6.5,10.2,63.7254902,2017-03-21_19:30:00,35
3/22/2017,15:30:00,16:30:00,3.9,6.7,0,1.12,3.7,3.9,7.9,49.36708861,2017-03-22_16:30:00,64
3/22/2017,16:30:00,17:30:00,4.5,7.2,0,0.841,4.2,3.9,8.3,46.98795181,2017-03-22_17:30:00,18
3/22/2017,17:30:00,18:30:00,4.6,6.7,0,0.508,4.1,3.9,8.2,47.56097561,2017-03-22_18:30:00,34
3/23/2017,15:30:00,16:30:00,3.6,6.9,0,0.284,10.8,4.3,12.9,33.33333333,2017-03-23_16:30:00,57
3/23/2017,16:30:00,17:30:00,4.3,7.2,0,0.256,11,4.3,13.1,32.82442748,2017-03-23_17:30:00,110
3/23/2017,17:30:00,18:30:00,3.1,5.9,0,0.117,11.1,4.7,13.2,35.60606061,2017-03-23_18:30:00,78
3/23/2017,18:30:00,19:30:00,2.5,3.7,0,0.023,9.8,6,12.1,49.58677686,2017-03-23_19:30:00,34
3/26/2017,15:30:00,16:30:00,3.2,4.8,0,0.419,16.5,13.4,18.8,71.27659574,2017-03-26_16:30:00,1
3/26/2017,16:30:00,17:30:00,3.8,7.5,0,0.108,16.2,12.8,18.4,69.56521739,2017-03-26_17:30:00,1
3/26/2017,17:30:00,18:30:00,4.1,7.2,0,0.094,14.8,12.6,16.8,75,2017-03-26_18:30:00,2
3/27/2017,15:30:00,16:30:00,2.5,4,0.15,0.41,16.2,13.5,18.4,73.36956522,2017-03-27_16:30:00,129
3/27/2017,16:30:00,17:30:00,2.6,3.5,0,0.261,15.8,13.9,17.9,77.65363128,2017-03-27_17:30:00,9
3/27/2017,17:30:00,18:30:00,3.3,5.1,0,0.112,15,14.3,17,84.11764706,2017-03-27_18:30:00,145
3/27/2017,18:30:00,19:30:00,2.3,5.1,2.8,0.011,13.4,14.1,15.3,92.15686275,2017-03-27_19:30:00,12
3/28/2017,15:30:00,16:30:00,4.7,6.7,0,0.553,10.4,9.6,12.6,76.19047619,2017-03-28_16:30:00,40
3/28/2017,16:30:00,17:30:00,4.8,6.9,0,0.254,9,9.2,11.5,80,2017-03-28_17:30:00,63
3/28/2017,17:30:00,18:30:00,4,5.9,0,0.175,8.6,8.9,11.2,79.46428571,2017-03-28_18:30:00,61
3/28/2017,18:30:00,19:30:00,3.3,5.1,0,0.031,8.2,8.8,10.8,81.48148148,2017-03-28_19:30:00,33
3/29/2017,15:30:00,16:30:00,6,9.1,0,0.31,13.1,9,15.1,59.60264901,2017-03-29_16:30:00,33
3/29/2017,16:30:00,17:30:00,7.3,12,0,0.311,13.1,9,15.1,59.60264901,2017-03-29_17:30:00,16
3/29/2017,17:30:00,18:30:00,7.2,11.5,0,0.126,13,9.3,14.9,62.41610738,2017-03-29_18:30:00,61
3/30/2017,15:30:00,16:30:00,4.4,6.4,0,0.711,13.7,13.9,15.7,88.53503185,2017-03-30_16:30:00,43
3/30/2017,16:30:00,17:30:00,4,5.9,0,0.207,13.7,13.8,15.6,88.46153846,2017-03-30_17:30:00,52
3/30/2017,17:30:00,18:30:00,3.2,6.7,2.03,0.02,13.5,14.1,15.5,90.96774194,2017-03-30_18:30:00,84
3/30/2017,18:30:00,19:30:00,2,4.5,2.79,0.005,13.7,14.2,15.6,91.02564103,2017-03-30_19:30:00,25
3/31/2017,16:30:00,17:30:00,6.3,9.1,0,0.113,4.4,7.5,8.4,89.28571429,2017-03-31_17:30:00,12
4/2/2017,15:30:00,16:30:00,4.9,7.2,0,1.096,17.5,7.8,19.9,39.1959799,2017-04-02_16:30:00,6
4/2/2017,16:30:00,17:30:00,4.5,7.2,0,0.684,17.7,7.7,20.2,38.11881188,2017-04-02_17:30:00,3
4/3/2017,15:30:00,16:30:00,3.9,6.1,0,0.351,19,15,21.9,68.49315068,2017-04-03_16:30:00,80
4/3/2017,16:30:00,17:30:00,4.8,11.7,1.27,0.088,18,15.8,20.7,76.32850242,2017-04-03_17:30:00,8
4/3/2017,17:30:00,18:30:00,4.6,7.5,0,0.121,16.4,15.9,18.6,85.48387097,2017-04-03_18:30:00,78
4/3/2017,18:30:00,19:30:00,3.7,6.7,0,0.11,16.6,15.8,18.9,83.5978836,2017-04-03_19:30:00,16
4/4/2017,15:30:00,16:30:00,4,5.9,0,0.223,10.7,11.1,12.9,86.04651163,2017-04-04_16:30:00,30
4/4/2017,16:30:00,17:30:00,4.2,5.9,0,0.194,11.5,11,13.5,81.48148148,2017-04-04_17:30:00,82
4/4/2017,17:30:00,18:30:00,3.5,5.1,0,0.396,12.7,11,14.6,75.34246575,2017-04-04_18:30:00,86
4/4/2017,18:30:00,19:30:00,3.3,4.5,0,0.173,11.8,11,13.8,79.71014493,2017-04-04_19:30:00,38
4/5/2017,15:30:00,16:30:00,3.6,5.3,0,0.229,11.3,12.2,13.3,91.72932331,2017-04-05_16:30:00,30
4/5/2017,16:30:00,17:30:00,2.5,4,2.29,0.189,11.1,12.3,13.2,93.18181818,2017-04-05_17:30:00,12
4/5/2017,17:30:00,18:30:00,4,6.4,1.78,0.041,10.6,12,12.7,94.48818898,2017-04-05_18:30:00,21
4/6/2017,15:30:00,16:30:00,12.5,17.3,0,1.183,9.5,7.1,11.9,59.66386555,2017-04-06_16:30:00,48
4/6/2017,16:30:00,17:30:00,10,14.9,0,0.29,9,7.1,11.4,62.28070175,2017-04-06_17:30:00,123
4/6/2017,17:30:00,18:30:00,8.7,12.8,0,0.362,7.5,7.2,10.4,69.23076923,2017-04-06_18:30:00,77
4/6/2017,18:30:00,19:30:00,7.4,10.4,0,0.13,6.5,6.5,9.7,67.01030928,2017-04-06_19:30:00,11
4/9/2017,15:30:00,16:30:00,8.1,13.3,0,0.833,23.8,12.9,29.5,43.72881356,2017-04-09_16:30:00,1
4/9/2017,17:30:00,18:30:00,8.4,16.8,0,0.522,23.7,12.6,29.2,43.15068493,2017-04-09_18:30:00,4
4/10/2017,15:30:00,16:30:00,5.4,11.7,0,0.162,17.8,16.3,20.4,79.90196078,2017-04-10_16:30:00,56
4/10/2017,16:30:00,17:30:00,5.5,9.6,0,0.032,17,15.6,19.4,80.41237113,2017-04-10_17:30:00,14
4/10/2017,17:30:00,18:30:00,5.6,10.1,0,0.529,18.2,16.3,21,77.61904762,2017-04-10_18:30:00,31
4/10/2017,18:30:00,19:30:00,6,9.6,0,0.108,18.4,15.9,21.1,75.35545024,2017-04-10_19:30:00,15
4/11/2017,15:30:00,16:30:00,5.3,8.8,0,0.81,14.4,10.1,16.4,61.58536585,2017-04-11_16:30:00,39
4/11/2017,16:30:00,17:30:00,5.3,7.7,0,0.646,14.4,9.8,16.4,59.75609756,2017-04-11_17:30:00,47
4/11/2017,17:30:00,18:30:00,5,7.7,0,0.41,13.8,9.7,15.8,61.39240506,2017-04-11_18:30:00,79
4/11/2017,18:30:00,19:30:00,4.2,5.9,0,0.18,12.7,9.3,14.7,63.26530612,2017-04-11_19:30:00,37
4/12/2017,15:30:00,16:30:00,2.2,4.3,0,1.145,18.2,7.8,20.9,37.32057416,2017-04-12_16:30:00,31
4/12/2017,16:30:00,17:30:00,1.8,4.3,0,0.936,18.9,7.5,21.8,34.40366972,2017-04-12_17:30:00,23
4/12/2017,17:30:00,18:30:00,1.9,3.7,0,0.607,19.6,7.1,22.9,31.00436681,2017-04-12_18:30:00,36
4/13/2017,15:30:00,16:30:00,2.8,5.3,0,0.995,22.4,11.3,27.1,41.69741697,2017-04-13_16:30:00,59
4/13/2017,16:30:00,17:30:00,2.6,5.9,0,0.571,23.3,12,28.6,41.95804196,2017-04-13_17:30:00,61
4/13/2017,17:30:00,18:30:00,2.9,4.8,0,0.184,22,12.3,26.4,46.59090909,2017-04-13_18:30:00,95
4/13/2017,18:30:00,19:30:00,5.3,7.7,0,0.207,19.6,12.3,22.8,53.94736842,2017-04-13_19:30:00,32
4/17/2017,15:30:00,16:30:00,1.7,4.3,0,1.184,22.4,6.8,27.1,25.09225092,2017-04-17_16:30:00,68
4/17/2017,16:30:00,17:30:00,1.6,3.5,0,0.812,22.7,6.5,27.5,23.63636364,2017-04-17_17:30:00,9
4/17/2017,17:30:00,18:30:00,1.7,3.7,0,0.441,21.7,6.4,25.9,24.71042471,2017-04-17_18:30:00,37
4/17/2017,18:30:00,19:30:00,1.3,2.1,0,0.221,20.7,6.4,24.4,26.2295082,2017-04-17_19:30:00,7
4/18/2017,15:30:00,16:30:00,4.4,8.8,0,0.945,25.2,10.4,32.1,32.39875389,2017-04-18_16:30:00,31
4/18/2017,16:30:00,17:30:00,4.2,7.2,0,0.551,24.9,11.2,31.4,35.66878981,2017-04-18_17:30:00,29
4/18/2017,17:30:00,18:30:00,3.3,6.1,0,0.369,24.3,12,30.3,39.6039604,2017-04-18_18:30:00,38
4/18/2017,18:30:00,19:30:00,3.7,6.7,0,0.308,24.4,12.2,30.6,39.86928105,2017-04-18_19:30:00,10
4/19/2017,15:30:00,16:30:00,4.2,7.2,0,0.607,26.7,17.2,35.1,49.002849,2017-04-19_16:30:00,31
4/19/2017,16:30:00,17:30:00,4.6,6.7,0,0.761,27.1,17.4,35.8,48.60335196,2017-04-19_17:30:00,12
4/19/2017,17:30:00,18:30:00,3.1,5.1,0,0.428,26.6,17.5,34.8,50.28735632,2017-04-19_18:30:00,35
4/20/2017,15:30:00,16:30:00,5.9,9.3,0,1.19,23.8,19.3,29.4,65.6462585,2017-04-20_16:30:00,24
4/20/2017,16:30:00,17:30:00,4.7,7.5,0,0.162,20.5,17.5,24.2,72.31404959,2017-04-20_17:30:00,45
4/20/2017,17:30:00,18:30:00,6.4,10.1,0,0.391,21.9,15.6,26.3,59.31558935,2017-04-20_18:30:00,55
4/20/2017,18:30:00,19:30:00,5.3,8.3,0,0.049,20.4,13.7,24,57.08333333,2017-04-20_19:30:00,12
4/23/2017,15:30:00,16:30:00,4.1,7.2,0,1.287,20.9,5.9,24.8,23.79032258,2017-04-23_16:30:00,2
4/23/2017,17:30:00,18:30:00,4.9,8,0,0.695,21.3,5.6,25.3,22.13438735,2017-04-23_18:30:00,2
4/24/2017,15:30:00,16:30:00,5.5,8.5,0,1.276,24.2,5.1,30.2,16.88741722,2017-04-24_16:30:00,64
4/24/2017,16:30:00,17:30:00,6.3,9.6,0,1.003,24.2,5.6,30.1,18.60465116,2017-04-24_17:30:00,42
4/24/2017,17:30:00,18:30:00,5.3,8.8,0,0.67,24.3,5.9,30.5,19.3442623,2017-04-24_18:30:00,59
4/24/2017,18:30:00,19:30:00,4.8,7.5,0,0.306,23.7,6,29.3,20.4778157,2017-04-24_19:30:00,11
4/25/2017,15:30:00,16:30:00,4.1,7.5,0,1.215,25.9,12.8,33.4,38.32335329,2017-04-25_16:30:00,36
4/25/2017,16:30:00,17:30:00,5,9.9,0,0.842,25.7,12.9,33,39.09090909,2017-04-25_17:30:00,54
4/25/2017,17:30:00,18:30:00,4.9,8.8,0,0.616,25.8,13,33.3,39.03903904,2017-04-25_18:30:00,95
4/25/2017,18:30:00,19:30:00,4.3,8,0,0.31,24.8,13.2,31.3,42.17252396,2017-04-25_19:30:00,51
4/26/2017,15:30:00,16:30:00,5.9,10.9,0,0.607,27,13.8,35.6,38.76404494,2017-04-26_16:30:00,142
4/26/2017,16:30:00,17:30:00,5.5,8.8,0,0.371,25.9,14.1,33.5,42.08955224,2017-04-26_17:30:00,24
4/26/2017,17:30:00,18:30:00,5.3,7.7,0,0.281,25.5,13.1,32.6,40.18404908,2017-04-26_18:30:00,48
4/27/2017,15:30:00,16:30:00,4.7,8,0,0.277,9.2,10.2,11.6,87.93103448,2017-04-27_16:30:00,45
4/27/2017,16:30:00,17:30:00,6.3,10.1,0,0.202,10.2,9.4,12.4,75.80645161,2017-04-27_17:30:00,64
4/27/2017,17:30:00,18:30:00,4.8,9.1,0,0.187,9.8,9.5,12.1,78.51239669,2017-04-27_18:30:00,118
4/27/2017,18:30:00,19:30:00,4.3,6.9,0,0.106,10,9.3,12.3,75.6097561,2017-04-27_19:30:00,57
8/21/2017,15:30:00,16:30:00,2.2,4.3,0,1.01,30.3,24.5,43,56.97674419,2017-08-21_16:30:00,15
8/21/2017,16:30:00,17:30:00,3.5,5.9,0,0.707,29.5,26.1,41.2,63.34951456,2017-08-21_17:30:00,12
8/21/2017,17:30:00,18:30:00,3.2,6.1,0,0.356,28.2,25.6,38.2,67.01570681,2017-08-21_18:30:00,7
8/21/2017,18:30:00,19:30:00,2.2,4,0,0.137,27,25.3,35.7,70.86834734,2017-08-21_19:30:00,25
8/22/2017,15:30:00,16:30:00,5.6,9.1,0,1.022,25.5,22.5,32.6,69.01840491,2017-08-22_16:30:00,39
8/22/2017,16:30:00,17:30:00,5.8,9.3,0,0.781,25.4,20.6,32.4,63.58024691,2017-08-22_17:30:00,34
8/22/2017,17:30:00,18:30:00,4.8,7.5,0,0.455,24.5,19.3,30.8,62.66233766,2017-08-22_18:30:00,21
8/23/2017,15:30:00,16:30:00,4.1,6.9,0,0.828,24.1,12.6,29.9,42.14046823,2017-08-23_16:30:00,33
8/23/2017,16:30:00,17:30:00,3.1,5.3,0,0.536,23.8,13.5,29.4,45.91836735,2017-08-23_17:30:00,25
8/23/2017,17:30:00,18:30:00,3.3,5.9,0,0.491,24.5,13.6,30.7,44.29967427,2017-08-23_18:30:00,52
8/23/2017,18:30:00,19:30:00,2.3,4.3,0,0.202,24,14.9,29.8,50,2017-08-23_19:30:00,57
8/24/2017,15:30:00,16:30:00,2.5,4.3,0,0.61,24.8,14.6,31.3,46.64536741,2017-08-24_16:30:00,33
8/24/2017,16:30:00,17:30:00,3.3,5.1,0,0.655,24.7,15.2,31.1,48.87459807,2017-08-24_17:30:00,73
8/24/2017,17:30:00,18:30:00,3.1,4.8,0,0.319,23.2,15.9,28.4,55.98591549,2017-08-24_18:30:00,60
8/24/2017,18:30:00,19:30:00,4.1,7.7,0,0.184,21.7,16.5,25.9,63.70656371,2017-08-24_19:30:00,6
8/27/2017,15:30:00,16:30:00,2.9,5.1,0,0.9,25.6,16,32.8,48.7804878,2017-08-27_16:30:00,20
8/27/2017,16:30:00,17:30:00,2.6,5.1,0,0.655,25.8,15.7,33.2,47.28915663,2017-08-27_17:30:00,8
8/27/2017,18:30:00,19:30:00,1.2,1.9,0,0.13,23.9,18,29.6,60.81081081,2017-08-27_19:30:00,1
8/28/2017,15:30:00,16:30:00,1.7,4.3,0,1.139,27.8,17.9,37.3,47.98927614,2017-08-28_16:30:00,138
8/28/2017,16:30:00,17:30:00,2.3,4.8,0,0.761,27.6,17.6,37,47.56756757,2017-08-28_17:30:00,79
8/28/2017,17:30:00,18:30:00,2.8,4.5,0,0.419,26.2,17.3,34,50.88235294,2017-08-28_18:30:00,56
8/28/2017,18:30:00,19:30:00,1,1.6,0,0.07,22.4,18.9,27.1,69.74169742,2017-08-28_19:30:00,28
8/29/2017,15:30:00,16:30:00,0.9,2.4,0,1.033,27.7,18.5,37.2,49.7311828,2017-08-29_16:30:00,78
8/29/2017,16:30:00,17:30:00,2.1,3.7,0,0.648,27.3,18.8,36.4,51.64835165,2017-08-29_17:30:00,62
8/29/2017,17:30:00,18:30:00,2.1,4,0,0.187,23.9,20.7,29.7,69.6969697,2017-08-29_18:30:00,62
8/30/2017,15:30:00,16:30:00,2.5,4.8,0,0.733,25.5,17.9,32.5,55.07692308,2017-08-30_16:30:00,80
8/30/2017,16:30:00,17:30:00,3.2,4.8,0,0.815,26.1,18.9,33.7,56.08308605,2017-08-30_17:30:00,34
8/30/2017,17:30:00,18:30:00,2.1,3.5,0,0.407,25.5,18.7,32.7,57.18654434,2017-08-30_18:30:00,38
8/30/2017,18:30:00,19:30:00,1,1.6,0,0.097,23.4,20,28.9,69.20415225,2017-08-30_19:30:00,28
8/31/2017,15:30:00,16:30:00,3,5.1,0,0.684,24.2,19.5,30.2,64.56953642,2017-08-31_16:30:00,58
8/31/2017,16:30:00,17:30:00,3.5,5.9,0,0.506,23.6,20.1,29.2,68.83561644,2017-08-31_17:30:00,88
8/31/2017,17:30:00,18:30:00,2.8,5.1,0,0.286,23.2,20,28.5,70.1754386,2017-08-31_18:30:00,44
8/31/2017,18:30:00,19:30:00,3.6,5.9,0,0.119,21.2,19.6,25.1,78.0876494,2017-08-31_19:30:00,9
9/3/2017,16:30:00,17:30:00,3.4,5.1,0,0.675,26.6,15.5,34.9,44.41260745,2017-09-03_17:30:00,4
9/5/2017,15:30:00,16:30:00,4.7,7.2,0,0.419,19.5,11.8,22.7,51.98237885,2017-09-05_16:30:00,147
9/5/2017,16:30:00,17:30:00,5.4,9.3,0,0.828,21.3,11.6,25.3,45.84980237,2017-09-05_17:30:00,92
9/5/2017,17:30:00,18:30:00,4.8,7.5,0,0.369,20.4,11.1,24,46.25,2017-09-05_18:30:00,67
9/6/2017,15:30:00,16:30:00,4.9,9.1,0,0.608,17.9,10.5,20.5,51.2195122,2017-09-06_16:30:00,88
9/6/2017,16:30:00,17:30:00,5.5,8,0,0.68,18.8,10,21.6,46.2962963,2017-09-06_17:30:00,32
9/6/2017,17:30:00,18:30:00,5,8.3,0,0.416,18.8,10,21.7,46.08294931,2017-09-06_18:30:00,61
9/6/2017,18:30:00,19:30:00,4,6.4,0,0.131,17.6,10.5,20.1,52.23880597,2017-09-06_19:30:00,27
9/7/2017,15:30:00,16:30:00,3.5,5.3,0,0.704,19.2,12,22.3,53.81165919,2017-09-07_16:30:00,115
9/7/2017,16:30:00,17:30:00,2.7,5.3,0,0.544,19.8,12.3,23.1,53.24675325,2017-09-07_17:30:00,91
9/7/2017,17:30:00,18:30:00,3.4,6.4,0,0.391,20.3,11.6,23.8,48.7394958,2017-09-07_18:30:00,64
9/7/2017,18:30:00,19:30:00,2.2,3.7,0,0.117,19,12.2,22,55.45454545,2017-09-07_19:30:00,20
9/10/2017,15:30:00,16:30:00,3.7,6.1,0,0.878,22.3,10.5,27,38.88888889,2017-09-10_16:30:00,19
9/10/2017,16:30:00,17:30:00,3.2,5.9,0,0.635,22.4,10.6,27.2,38.97058824,2017-09-10_17:30:00,6
9/10/2017,18:30:00,19:30:00,2.1,4.3,0,0.119,20.4,11.7,24,48.75,2017-09-10_19:30:00,1
9/11/2017,15:30:00,16:30:00,3.7,5.6,0,0.718,22.1,13,26.5,49.05660377,2017-09-11_16:30:00,191
9/11/2017,16:30:00,17:30:00,3.5,6.1,0,0.529,22.2,13.2,26.8,49.25373134,2017-09-11_17:30:00,41
9/11/2017,17:30:00,18:30:00,2.3,4,0,0.232,21,14,24.9,56.2248996,2017-09-11_18:30:00,24
9/11/2017,18:30:00,19:30:00,1.4,2.4,0,0.072,18.7,14.8,21.5,68.8372093,2017-09-11_19:30:00,35
9/12/2017,15:30:00,16:30:00,3.8,6.7,0,0.657,25.4,13.3,32.4,41.04938272,2017-09-12_16:30:00,134
9/12/2017,16:30:00,17:30:00,4,5.9,0,0.36,24.3,14,30.3,46.20462046,2017-09-12_17:30:00,79
9/12/2017,17:30:00,18:30:00,3.3,5.9,0,0.259,23.9,14.6,29.6,49.32432432,2017-09-12_18:30:00,46
9/13/2017,15:30:00,16:30:00,1.9,4.8,0,0.214,19.4,19.2,22.6,84.95575221,2017-09-13_16:30:00,185
9/13/2017,16:30:00,17:30:00,0.6,1.3,0,0.119,19,18.8,21.9,85.84474886,2017-09-13_17:30:00,52
9/13/2017,17:30:00,18:30:00,1.8,2.4,0,0.11,18.7,18.9,21.6,87.5,2017-09-13_18:30:00,59
9/13/2017,18:30:00,19:30:00,1.6,2.4,0,0.027,18.1,19,20.7,91.78743961,2017-09-13_19:30:00,32
9/14/2017,15:30:00,16:30:00,1.4,2.7,0,0.875,25.3,18.2,32.3,56.34674923,2017-09-14_16:30:00,165
9/14/2017,16:30:00,17:30:00,0.9,2.7,0,0.538,26.9,17.9,35.4,50.56497175,2017-09-14_17:30:00,65
9/14/2017,17:30:00,18:30:00,0.8,2.4,0,0.322,27,17.6,35.6,49.43820225,2017-09-14_18:30:00,86
9/14/2017,18:30:00,19:30:00,0.9,1.9,0,0.086,25.2,19.4,32.1,60.43613707,2017-09-14_19:30:00,20
9/17/2017,15:30:00,16:30:00,2.6,5.1,0,0.769,31.4,20.4,46,44.34782609,2017-09-17_16:30:00,29
9/17/2017,16:30:00,17:30:00,2.5,10.1,7.87,0.047,25.7,22.3,33.4,66.76646707,2017-09-17_17:30:00,10
9/17/2017,18:30:00,19:30:00,1.4,3.5,0,0.025,20.3,22.7,23.8,95.37815126,2017-09-17_19:30:00,2
9/18/2017,15:30:00,16:30:00,1.6,2.9,0,0.702,28.3,23.5,38.4,61.19791667,2017-09-18_16:30:00,149
9/18/2017,16:30:00,17:30:00,2.3,4.3,0,0.481,27.2,22.6,36,62.77777778,2017-09-18_17:30:00,77
9/18/2017,17:30:00,18:30:00,1.9,3.2,0,0.2,26.2,22.5,34.1,65.98240469,2017-09-18_18:30:00,53
9/18/2017,18:30:00,19:30:00,1,1.9,0,0.025,24,23,29.9,76.92307692,2017-09-18_19:30:00,145
9/19/2017,15:30:00,16:30:00,2.5,4.8,0,0.367,25.7,21.7,33,65.75757576,2017-09-19_16:30:00,117
9/19/2017,16:30:00,17:30:00,1.8,3.2,0,0.463,26.7,21.2,35.1,60.3988604,2017-09-19_17:30:00,368
9/19/2017,17:30:00,18:30:00,1.5,2.9,0,0.239,27,21.4,35.8,59.77653631,2017-09-19_18:30:00,84
9/20/2017,15:30:00,16:30:00,3,5.6,0,0.751,32.1,22.5,47.8,47.07112971,2017-09-20_16:30:00,85
9/20/2017,16:30:00,17:30:00,2.4,5.1,0,0.437,31.9,22.2,47.4,46.83544304,2017-09-20_17:30:00,108
9/20/2017,17:30:00,18:30:00,2.1,3.7,0,0.25,32,22.5,47.6,47.26890756,2017-09-20_18:30:00,62
9/20/2017,18:30:00,19:30:00,1.7,2.9,0,0.056,30,23.2,42.5,54.58823529,2017-09-20_19:30:00,1
9/21/2017,15:30:00,16:30:00,1.8,3.7,0,0.742,33.8,23.7,52.5,45.14285714,2017-09-21_16:30:00,114
9/21/2017,16:30:00,17:30:00,2,4,0,0.484,33.6,23.6,51.9,45.47206166,2017-09-21_17:30:00,67
9/21/2017,17:30:00,18:30:00,1.4,2.9,0,0.245,33.5,24.2,51.6,46.89922481,2017-09-21_18:30:00,55
9/21/2017,18:30:00,19:30:00,0.6,1.3,0,0.025,30.1,25.6,42.7,59.95316159,2017-09-21_19:30:00,17
9/24/2017,15:30:00,16:30:00,1.7,4.3,0,0.576,32.8,16.8,49.7,33.8028169,2017-09-24_16:30:00,24
9/24/2017,16:30:00,17:30:00,1.2,3.7,0,0.491,33.8,16.1,52.7,30.55028463,2017-09-24_17:30:00,6
9/24/2017,18:30:00,19:30:00,0.9,1.3,0,0.041,29.8,15.9,42,37.85714286,2017-09-24_19:30:00,7
9/25/2017,15:30:00,16:30:00,1.7,3.7,0,0.716,32.8,15.4,49.9,30.86172345,2017-09-25_16:30:00,155
9/25/2017,16:30:00,17:30:00,2.2,4,0,0.499,32.4,15.7,48.6,32.30452675,2017-09-25_17:30:00,53
9/25/2017,17:30:00,18:30:00,1.4,2.7,0,0.187,30.7,16.8,44.2,38.00904977,2017-09-25_18:30:00,44
9/25/2017,18:30:00,19:30:00,0.8,1.6,0,0.049,28.8,19.3,39.5,48.86075949,2017-09-25_19:30:00,44
9/26/2017,15:30:00,16:30:00,2.6,5.6,0,0.675,31.7,18.5,46.7,39.61456103,2017-09-26_16:30:00,105
9/26/2017,16:30:00,17:30:00,2.5,4.5,0,0.486,31.8,18.8,46.9,40.08528785,2017-09-26_17:30:00,78
9/26/2017,17:30:00,18:30:00,2,3.5,0,0.202,30.9,19.3,44.8,43.08035714,2017-09-26_18:30:00,47
9/27/2017,15:30:00,16:30:00,4.5,8,0,0.499,23.3,13.3,28.7,46.34146341,2017-09-27_16:30:00,107
9/27/2017,16:30:00,17:30:00,4.1,6.4,0,0.281,22.4,13.1,27.1,48.33948339,2017-09-27_17:30:00,27
9/27/2017,17:30:00,18:30:00,3.3,5.6,0,0.13,21.7,11.6,25.9,44.78764479,2017-09-27_18:30:00,84
9/27/2017,18:30:00,19:30:00,3.1,7.2,0,0.041,20.5,13.2,24.2,54.54545455,2017-09-27_19:30:00,25
9/28/2017,15:30:00,16:30:00,2.8,5.3,0,0.718,22.2,11.4,26.7,42.69662921,2017-09-28_16:30:00,106
9/28/2017,16:30:00,17:30:00,2.7,5.1,0,0.464,22.2,11.5,26.7,43.07116105,2017-09-28_17:30:00,68
9/28/2017,17:30:00,18:30:00,2.8,4.5,0,0.212,21.8,11.2,26.2,42.7480916,2017-09-28_18:30:00,53
9/28/2017,18:30:00,19:30:00,0.8,2.9,0,0.031,19.1,11.8,22.2,53.15315315,2017-09-28_19:30:00,8
10/1/2017,15:30:00,16:30:00,3,6.1,0,0.733,23.7,7.6,29.2,26.02739726,2017-10-01_16:30:00,14
10/1/2017,16:30:00,17:30:00,3,6.9,0,0.472,24.3,7.7,30.3,25.41254125,2017-10-01_17:30:00,7
10/1/2017,18:30:00,19:30:00,0.7,2.7,0,0.031,20,8.8,23.4,37.60683761,2017-10-01_19:30:00,9
10/2/2017,15:30:00,16:30:00,3.7,6.7,0,0.67,27.7,10.6,37.2,28.49462366,2017-10-02_16:30:00,152
10/2/2017,16:30:00,17:30:00,3.3,5.9,0,0.43,27.7,9.6,37.1,25.87601078,2017-10-02_17:30:00,78
10/2/2017,17:30:00,18:30:00,3.2,5.1,0,0.18,26.8,10,35.3,28.3286119,2017-10-02_18:30:00,26
10/2/2017,18:30:00,19:30:00,2.5,4.3,0,0.02,23.9,10.2,29.7,34.34343434,2017-10-02_19:30:00,47
10/3/2017,15:30:00,16:30:00,4.1,8.3,0,0.491,23.4,21.8,28.7,75.95818815,2017-10-03_16:30:00,103
10/3/2017,16:30:00,17:30:00,3.6,7.2,0,0.299,23.2,21.8,28.5,76.49122807,2017-10-03_17:30:00,157
10/3/2017,17:30:00,18:30:00,2.5,4.5,0,0.085,21.9,22,26.2,83.96946565,2017-10-03_18:30:00,134
10/4/2017,15:30:00,16:30:00,3.7,5.6,0,0.423,24.4,22.5,30.6,73.52941176,2017-10-04_16:30:00,93
10/4/2017,16:30:00,17:30:00,3.9,6.7,0,0.333,25.6,22.3,32.9,67.78115502,2017-10-04_17:30:00,21
10/4/2017,17:30:00,18:30:00,2.4,6.7,0.25,0.029,23.1,22.9,28.2,81.20567376,2017-10-04_18:30:00,34
10/4/2017,18:30:00,19:30:00,2.1,4.3,0,0.005,20.3,22,23.8,92.43697479,2017-10-04_19:30:00,20
10/5/2017,15:30:00,16:30:00,1.6,4,0,0.499,24,21.3,29.9,71.23745819,2017-10-05_16:30:00,95
10/5/2017,16:30:00,17:30:00,1.5,2.9,0,0.311,23.7,21,29.2,71.91780822,2017-10-05_17:30:00,62
10/5/2017,17:30:00,18:30:00,2,3.5,0,0.131,23.6,21,29.1,72.16494845,2017-10-05_18:30:00,31
10/5/2017,18:30:00,19:30:00,1.5,2.4,0,0.016,21.1,20.8,25,83.2,2017-10-05_19:30:00,27
10/10/2017,15:30:00,16:30:00,3.2,5.9,0,0.409,23.3,17,28.6,59.44055944,2017-10-10_16:30:00,9
10/10/2017,17:30:00,18:30:00,2.2,3.7,0,0.02,21.9,18,26.3,68.44106464,2017-10-10_18:30:00,12
10/11/2017,15:30:00,16:30:00,3.2,5.6,0,0.059,15.1,16.3,17.1,95.32163743,2017-10-11_16:30:00,118
10/11/2017,16:30:00,17:30:00,2.8,4.3,0,0.034,14.7,15.9,16.7,95.20958084,2017-10-11_17:30:00,36
10/11/2017,17:30:00,18:30:00,2.4,3.5,0,0.023,14.6,15.6,16.6,93.97590361,2017-10-11_18:30:00,19
10/11/2017,18:30:00,19:30:00,2.1,3.2,0,0,14.5,15.6,16.5,94.54545455,2017-10-11_19:30:00,115
10/12/2017,15:30:00,16:30:00,1.8,3.2,0,0.184,16.2,15.2,18.4,82.60869565,2017-10-12_16:30:00,118
10/12/2017,16:30:00,17:30:00,0.3,1.3,0,0.131,16.6,15.6,18.9,82.53968254,2017-10-12_17:30:00,162
10/12/2017,17:30:00,18:30:00,0.8,1.6,0,0.054,16.5,15.6,18.7,83.42245989,2017-10-12_18:30:00,60
10/12/2017,18:30:00,19:30:00,0.2,1.1,0,0.002,15.5,15.8,17.5,90.28571429,2017-10-12_19:30:00,38
10/15/2017,15:30:00,16:30:00,7.2,10.9,0,0.184,12.1,9.3,14.1,65.95744681,2017-10-15_16:30:00,44
10/15/2017,16:30:00,17:30:00,6.8,10.4,0,0.139,12.1,8.9,14.1,63.12056738,2017-10-15_17:30:00,7
10/15/2017,18:30:00,19:30:00,4.6,6.9,0,0.002,11.6,9.4,13.7,68.61313869,2017-10-15_19:30:00,355
10/16/2017,15:30:00,16:30:00,3.2,6.4,0,0.617,17.7,7,20.3,34.48275862,2017-10-16_16:30:00,189
10/16/2017,16:30:00,17:30:00,3.2,5.3,0,0.328,17.5,6.9,19.9,34.67336683,2017-10-16_17:30:00,76
10/16/2017,17:30:00,18:30:00,2.5,4.8,0,0.108,16.9,7.1,19.3,36.78756477,2017-10-16_18:30:00,100
10/16/2017,18:30:00,19:30:00,1.2,1.9,0,0.004,12.9,7.7,14.9,51.67785235,2017-10-16_19:30:00,2
10/17/2017,15:30:00,16:30:00,4,6.9,0,0.576,20.3,7.8,23.8,32.77310924,2017-10-17_16:30:00,158
10/17/2017,16:30:00,17:30:00,3.7,6.1,0,0.333,20,7.7,23.4,32.90598291,2017-10-17_17:30:00,69
10/17/2017,17:30:00,18:30:00,3,5.3,0,0.103,19,7.8,22,35.45454545,2017-10-17_18:30:00,73
10/18/2017,15:30:00,16:30:00,4.1,7.2,0,0.571,21.2,8.4,25.2,33.33333333,2017-10-18_16:30:00,136
10/18/2017,16:30:00,17:30:00,4,8,0,0.326,21.1,8.5,25,34,2017-10-18_17:30:00,60
10/18/2017,17:30:00,18:30:00,3.5,6.7,0,0.099,20.1,9,23.5,38.29787234,2017-10-18_18:30:00,34
10/18/2017,18:30:00,19:30:00,2.8,5.1,0,0.004,17.1,9.3,19.5,47.69230769,2017-10-18_19:30:00,23
10/19/2017,15:30:00,16:30:00,2.5,4.8,0,0.499,24.2,12.5,30.2,41.39072848,2017-10-19_16:30:00,133
10/19/2017,16:30:00,17:30:00,1.6,4.3,0,0.311,25,12.8,31.7,40.3785489,2017-10-19_17:30:00,112
10/19/2017,17:30:00,18:30:00,1.7,2.9,0,0.133,23.4,13.2,28.8,45.83333333,2017-10-19_18:30:00,36
10/19/2017,18:30:00,19:30:00,1,1.3,0,0.005,18,13.3,20.6,64.5631068,2017-10-19_19:30:00,9
10/22/2017,15:30:00,16:30:00,4.7,9.6,0,0.158,24.2,16.5,30.2,54.63576159,2017-10-22_16:30:00,16
10/22/2017,16:30:00,17:30:00,3.6,7.5,0,0.061,23.3,16.7,28.6,58.39160839,2017-10-22_17:30:00,6
10/22/2017,18:30:00,19:30:00,2,3.5,0,0,19.8,18.7,23.1,80.95238095,2017-10-22_19:30:00,12
10/23/2017,15:30:00,16:30:00,5.7,9.1,2.29,0.025,10.2,11.8,12.5,94.4,2017-10-23_16:30:00,130
10/23/2017,16:30:00,17:30:00,4.5,6.9,0.76,0.027,9.8,11.5,12.1,95.04132231,2017-10-23_17:30:00,50
10/23/2017,17:30:00,18:30:00,2.8,4.3,0.25,0.007,9.9,11.6,12.2,95.08196721,2017-10-23_18:30:00,36
10/23/2017,18:30:00,19:30:00,3.1,4.8,0,0,10,11.6,12.3,94.30894309,2017-10-23_19:30:00,25
10/24/2017,15:30:00,16:30:00,5.6,8.8,0,0.171,6.3,8.3,9.5,87.36842105,2017-10-24_16:30:00,104
10/24/2017,16:30:00,17:30:00,6.2,10.7,0,0.126,5.5,8.1,9,90,2017-10-24_17:30:00,79
10/24/2017,17:30:00,18:30:00,5.2,9.1,0,0.027,5.5,8,9,88.88888889,2017-10-24_18:30:00,62
10/25/2017,15:30:00,16:30:00,3.1,5.9,0,0.486,9.8,6.8,12.1,56.19834711,2017-10-25_16:30:00,107
10/25/2017,16:30:00,17:30:00,2.6,4,0,0.353,10.3,7.1,12.5,56.8,2017-10-25_17:30:00,29
10/25/2017,17:30:00,18:30:00,2.4,3.5,0,0.076,9,6.9,11.5,60,2017-10-25_18:30:00,24
10/25/2017,18:30:00,19:30:00,0.8,1.6,0,0,5.7,6.9,9.2,75,2017-10-25_19:30:00,33
10/26/2017,15:30:00,16:30:00,4.4,8,0,0.54,17.7,8,20.3,39.408867,2017-10-26_16:30:00,116
10/26/2017,16:30:00,17:30:00,4.7,8.5,0,0.329,17.7,7.8,20.3,38.42364532,2017-10-26_17:30:00,74
10/26/2017,17:30:00,18:30:00,4,6.9,0,0.067,16.4,8,18.7,42.78074866,2017-10-26_18:30:00,35
10/26/2017,18:30:00,19:30:00,3.5,6.1,0,0,13.9,8,15.9,50.31446541,2017-10-26_19:30:00,19
10/29/2017,15:30:00,16:30:00,3.3,6.1,0,0.518,7.3,4.9,10.2,48.03921569,2017-10-29_16:30:00,22
10/29/2017,16:30:00,17:30:00,2.8,4.8,0,0.266,7.5,4.9,10.4,47.11538462,2017-10-29_17:30:00,7
10/30/2017,15:30:00,16:30:00,8.3,12.3,0,0.373,9.7,5.1,12,42.5,2017-10-30_16:30:00,138
10/30/2017,16:30:00,17:30:00,7.3,10.9,0,0.115,8.4,5.2,11,47.27272727,2017-10-30_17:30:00,50
10/30/2017,17:30:00,18:30:00,6.7,10.7,0,0.029,7.6,5.3,10.4,50.96153846,2017-10-30_18:30:00,48
10/30/2017,18:30:00,19:30:00,6.5,10.4,0,0,6.3,4.9,9.6,51.04166667,2017-10-30_19:30:00,35
10/31/2017,15:30:00,16:30:00,3,5.1,0,0.319,4.9,4,8.7,45.97701149,2017-10-31_16:30:00,124
10/31/2017,16:30:00,17:30:00,3,4.5,0,0.153,4.5,4,8.4,47.61904762,2017-10-31_17:30:00,105
10/31/2017,17:30:00,18:30:00,2.3,3.7,0,0.029,4,4.1,8.1,50.61728395,2017-10-31_18:30:00,71
11/1/2017,15:30:00,16:30:00,3.5,6.4,0,0.162,6.9,7.8,10,78,2017-11-01_16:30:00,143
11/1/2017,16:30:00,17:30:00,2.3,4.5,0,0.029,7,8,10,80,2017-11-01_17:30:00,27
11/1/2017,17:30:00,18:30:00,2.5,4.5,0,0.005,7,8.3,10,83,2017-11-01_18:30:00,35
11/1/2017,18:30:00,19:30:00,3.1,5.1,0,0,6.6,8.9,9.7,91.75257732,2017-11-01_19:30:00,40
11/2/2017,15:30:00,16:30:00,2.6,4.5,0,0.041,17.4,17.4,19.8,87.87878788,2017-11-02_16:30:00,124
11/2/2017,16:30:00,17:30:00,2.3,4.3,0,0.041,17.4,17.6,19.8,88.88888889,2017-11-02_17:30:00,96
11/2/2017,17:30:00,18:30:00,1.7,2.9,0,0.014,17.2,17.7,19.6,90.30612245,2017-11-02_18:30:00,50
11/2/2017,18:30:00,19:30:00,1.8,3.2,0,0,16.8,17.4,19.1,91.09947644,2017-11-02_19:30:00,22
11/5/2017,15:30:00,16:30:00,2.4,4.3,0.25,0.034,15.1,16.3,17.2,94.76744186,2017-11-05_16:30:00,19
11/5/2017,16:30:00,17:30:00,3,5.9,0.76,0.005,14.9,16.2,16.9,95.85798817,2017-11-05_17:30:00,4
11/5/2017,18:30:00,19:30:00,5.2,8.5,0,0,11.3,12.6,13.4,94.02985075,2017-11-05_19:30:00,10
11/6/2017,15:30:00,16:30:00,3.5,5.6,0,0.151,9.4,7.7,11.8,65.25423729,2017-11-06_16:30:00,183
11/6/2017,16:30:00,17:30:00,4.1,6.9,0,0.13,8.8,7.5,11.4,65.78947368,2017-11-06_17:30:00,152
11/6/2017,17:30:00,18:30:00,3.3,5.6,0,0.043,8.2,7.3,10.9,66.97247706,2017-11-06_18:30:00,32
11/6/2017,18:30:00,19:30:00,2.9,5.3,0,0,7.1,7.3,10.1,72.27722772,2017-11-06_19:30:00,45
11/7/2017,15:30:00,16:30:00,3.8,6.4,0,0.112,8.3,6.5,11,59.09090909,2017-11-07_16:30:00,94
11/7/2017,16:30:00,17:30:00,3.9,5.9,0,0.09,8.3,6.3,10.9,57.79816514,2017-11-07_17:30:00,90
11/7/2017,17:30:00,18:30:00,3.3,5.3,0,0.013,7.5,6.1,10.3,59.22330097,2017-11-07_18:30:00,33
11/8/2017,15:30:00,16:30:00,1.7,3.5,0,0.373,11.8,6.1,13.9,43.88489209,2017-11-08_16:30:00,76
11/8/2017,16:30:00,17:30:00,1.5,2.7,0,0.2,11.3,5.9,13.3,44.36090226,2017-11-08_17:30:00,37
11/8/2017,17:30:00,18:30:00,0.9,1.3,0,0.034,9.4,5.9,11.8,50,2017-11-08_18:30:00,54
11/8/2017,18:30:00,19:30:00,0.9,1.3,0,0,3.6,5.9,7.9,74.6835443,2017-11-08_19:30:00,46
11/9/2017,15:30:00,16:30:00,6.7,9.9,0,0.4,9.8,6.5,12.1,53.71900826,2017-11-09_16:30:00,98
11/9/2017,16:30:00,17:30:00,6.4,9.3,0,0.167,8.9,6.2,11.4,54.38596491,2017-11-09_17:30:00,137
11/9/2017,17:30:00,18:30:00,6.8,9.9,0,0.032,6.6,5.9,9.8,60.20408163,2017-11-09_18:30:00,61
11/9/2017,18:30:00,19:30:00,3.9,6.1,0,0,3.5,5.3,7.8,67.94871795,2017-11-09_19:30:00,22
11/12/2017,15:30:00,16:30:00,1.3,2.1,0.25,0.045,4.6,7.1,8.5,83.52941176,2017-11-12_16:30:00,16
11/12/2017,18:30:00,19:30:00,2.1,3.5,0.25,0,1.8,6.5,7,92.85714286,2017-11-12_19:30:00,176
11/13/2017,15:30:00,16:30:00,1.6,3.7,0,0.263,5.9,7,9.3,75.2688172,2017-11-13_16:30:00,96
11/13/2017,16:30:00,17:30:00,1.1,2.4,0,0.135,5.6,6.9,9.1,75.82417582,2017-11-13_17:30:00,53
11/13/2017,17:30:00,18:30:00,0.5,1.3,0,0.025,4.8,6.7,8.6,77.90697674,2017-11-13_18:30:00,82
11/13/2017,18:30:00,19:30:00,0.2,1.1,0,0,3.7,6.7,7.9,84.81012658,2017-11-13_19:30:00,105
11/14/2017,15:30:00,16:30:00,3.3,5.6,0.44,0.31,11.3,7.4,13.4,55.2238806,2017-11-14_16:30:00,86
11/14/2017,16:30:00,17:30:00,3,5.3,0,0.149,10.4,7.2,12.6,57.14285714,2017-11-14_17:30:00,133
11/14/2017,17:30:00,18:30:00,2.9,5.3,0.15,0.034,9.3,7.1,11.7,60.68376068,2017-11-14_18:30:00,16
11/15/2017,15:30:00,16:30:00,4.8,8.8,0,0.029,8.8,10.9,11.3,96.46017699,2017-11-15_16:30:00,48
11/15/2017,16:30:00,17:30:00,4.4,6.9,0.15,0.05,9.4,11.4,11.8,96.61016949,2017-11-15_17:30:00,50
11/15/2017,17:30:00,18:30:00,6.2,10.9,0,0.031,9.2,10.2,11.7,87.17948718,2017-11-15_18:30:00,38
11/15/2017,18:30:00,19:30:00,2.7,4.5,0.15,0,8,9.2,10.7,85.98130841,2017-11-15_19:30:00,13
11/16/2017,15:30:00,16:30:00,1.6,2.9,0,0.133,2.4,5.4,7.3,73.97260274,2017-11-16_16:30:00,63
11/16/2017,16:30:00,17:30:00,1.4,2.4,0,0.065,2.2,5.4,7.1,76.05633803,2017-11-16_17:30:00,67
11/16/2017,17:30:00,18:30:00,1.8,2.4,0,0.011,1.9,5.5,7,78.57142857,2017-11-16_18:30:00,26
11/16/2017,18:30:00,19:30:00,1.5,2.7,0,0,1.6,5.6,6.9,81.15942029,2017-11-16_19:30:00,4
11/19/2017,15:30:00,16:30:00,5.1,8,0,0.254,0.4,4.5,6.3,71.42857143,2017-11-19_16:30:00,33
11/20/2017,15:30:00,16:30:00,7.3,12,0.15,0.295,10.3,5.6,12.5,44.8,2017-11-20_16:30:00,11
11/21/2017,16:30:00,17:30:00,5,9.3,0,0.023,4,6.4,8.2,78.04878049,2017-11-21_17:30:00,2
11/26/2017,18:30:00,19:30:00,2,2.9,0,0,6,5,9.4,53.19148936,2017-11-26_19:30:00,1
11/27/2017,15:30:00,16:30:00,4.3,7.2,0,0.346,16.5,6.8,18.7,36.36363636,2017-11-27_16:30:00,104
11/27/2017,16:30:00,17:30:00,3.6,6.7,0,0.142,15.9,7,18,38.88888889,2017-11-27_17:30:00,52
11/27/2017,17:30:00,18:30:00,2.7,5.1,0,0.014,14.2,7.1,16.2,43.82716049,2017-11-27_18:30:00,24
11/27/2017,18:30:00,19:30:00,2.5,4.8,0,0,12.6,7.1,14.6,48.63013699,2017-11-27_19:30:00,53
11/28/2017,15:30:00,16:30:00,6.3,10.1,0,0.252,18.1,6.5,20.7,31.40096618,2017-11-28_16:30:00,83
11/28/2017,16:30:00,17:30:00,4.9,8.8,0,0.063,17.2,6.8,19.7,34.5177665,2017-11-28_17:30:00,62
11/28/2017,17:30:00,18:30:00,4.5,8,0,0.013,16.2,6.8,18.4,36.95652174,2017-11-28_18:30:00,37
11/29/2017,15:30:00,16:30:00,2.7,5.3,0,0.32,12.4,5.1,14.4,35.41666667,2017-11-29_16:30:00,69
11/29/2017,16:30:00,17:30:00,1.2,1.9,0,0.05,10.1,5,12.3,40.6504065,2017-11-29_17:30:00,19
11/29/2017,17:30:00,18:30:00,1.5,2.1,0,0.009,6.5,5.9,9.7,60.82474227,2017-11-29_18:30:00,25
11/29/2017,18:30:00,19:30:00,1.8,2.7,0,0,5.7,5.8,9.2,63.04347826,2017-11-29_19:30:00,46
11/30/2017,15:30:00,16:30:00,4.7,7.2,0,0.338,12.1,6.1,14.1,43.26241135,2017-11-30_16:30:00,83
11/30/2017,16:30:00,17:30:00,4.2,6.4,0,0.142,11.4,6.2,13.5,45.92592593,2017-11-30_17:30:00,73
11/30/2017,17:30:00,18:30:00,2.2,2.9,0,0.013,8,6.4,10.8,59.25925926,2017-11-30_18:30:00,22
11/30/2017,18:30:00,19:30:00,2.7,3.7,0,0,6.7,5.9,9.8,60.20408163,2017-11-30_19:30:00,12
12/3/2017,15:30:00,16:30:00,2.4,4.5,0,0.275,16.1,6.4,18.3,34.9726776,2017-12-03_16:30:00,17
12/3/2017,16:30:00,17:30:00,1.9,4.3,0,0.142,15.8,6.2,17.9,34.63687151,2017-12-03_17:30:00,14
12/3/2017,18:30:00,19:30:00,1.8,2.7,0,0,9,6.1,11.5,53.04347826,2017-12-03_19:30:00,7
12/4/2017,15:30:00,16:30:00,6.7,12.3,0,0.124,16.8,9.8,19.1,51.30890052,2017-12-04_16:30:00,124
12/4/2017,16:30:00,17:30:00,6.3,11.7,0,0.072,16.5,9.9,18.8,52.65957447,2017-12-04_17:30:00,61
12/4/2017,17:30:00,18:30:00,6.1,11.2,0,0.007,16.4,10.2,18.6,54.83870968,2017-12-04_18:30:00,33
12/4/2017,18:30:00,19:30:00,6.3,11.7,0,0,15.8,10.7,17.9,59.77653631,2017-12-04_19:30:00,55
12/5/2017,15:30:00,16:30:00,8.4,13.9,0,0.286,1.7,3.9,6.9,56.52173913,2017-12-05_16:30:00,120
12/5/2017,16:30:00,17:30:00,7.9,14.1,0,0.104,1.4,3.9,6.8,57.35294118,2017-12-05_17:30:00,109
12/5/2017,17:30:00,18:30:00,6.1,9.1,0,0.014,1.2,3.9,6.7,58.20895522,2017-12-05_18:30:00,76
12/6/2017,15:30:00,16:30:00,5.8,9.1,0,0.279,3.9,3.8,8.1,46.91358025,2017-12-06_16:30:00,135
12/6/2017,16:30:00,17:30:00,6,9.3,0,0.148,3.7,3.7,7.9,46.83544304,2017-12-06_17:30:00,36
12/6/2017,17:30:00,18:30:00,5.3,8.8,0,0.011,1.9,3.7,7,52.85714286,2017-12-06_18:30:00,35
12/6/2017,18:30:00,19:30:00,4.7,7.5,0,0,1.1,4,6.6,60.60606061,2017-12-06_19:30:00,66
12/7/2017,15:30:00,16:30:00,5.3,8.3,0,0.349,-3,3,4.9,61.2244898,2017-12-07_16:30:00,120
12/7/2017,16:30:00,17:30:00,5.1,9.9,0,0.146,-2.2,3,5.2,57.69230769,2017-12-07_17:30:00,124
12/7/2017,17:30:00,18:30:00,3.6,6.4,0,0.014,-3.1,2.8,4.9,57.14285714,2017-12-07_18:30:00,48
12/7/2017,18:30:00,19:30:00,2.7,4,0,0,-4.2,2.8,4.5,62.22222222,2017-12-07_19:30:00,12
12/10/2017,15:30:00,16:30:00,6.5,10.1,0,0.324,4.7,4,8.5,47.05882353,2017-12-10_16:30:00,27
